clip_id,path,sha256,license,source_url,source_ref,duration,sample_rate,channels,split,tempo_bpm,tempo_bucket,crop_start,crop_end,is_palette,is_source,is_reference,license_filter,license_ok
src_0001_50bpm_lofi_drums_dataset_id_01_000290__center_005599,/home/manos/codes/neural-morphing/artifacts/validation/datasets/paper_eval_v1/source_eval/lofi_drums/0001_50bpm_lofi_drums_dataset_id_01_000290__center_005599.wav,aeb37d4dd1f281e8f5371041a12c242d59ef930745f2cc804bb95c7aebbd8c67,CC-BY-4.0,https://doi.org/10.5281/zenodo.15493892,WaivOps Lo-Fi Drums Dataset DOI 10.5281/zenodo.15493892,8.000000,44100,2,source_eval,50.000,slow_lt80,5.598549,8.000000,0,1,0,"exact-allowed-licenses: CC-BY-3.0,CC-BY-4.0,CC-BY-SA-3.0,CC-BY-SA-4.0,CC0-1.0",1
src_0002_55bpm_lofi_drums_dataset_id_01_000615__center_004726,/home/manos/codes/neural-morphing/artifacts/validation/datasets/paper_eval_v1/source_eval/lofi_drums/0002_55bpm_lofi_drums_dataset_id_01_000615__center_004726.wav,729f3519bd3915f083f5337daadbbfc1496749575a71740989f0bc64a2c4805e,CC-BY-4.0,https://doi.org/10.5281/zenodo.15493892,WaivOps Lo-Fi Drums Dataset DOI 10.5281/zenodo.15493892,8.000000,44100,2,source_eval,55.000,slow_lt80,4.726349,8.000000,0,1,0,"exact-allowed-licenses: CC-BY-3.0,CC-BY-4.0,CC-BY-SA-3.0,CC-BY-SA-4.0,CC0-1.0",1
src_0003_56bpm_lofi_drums_dataset_id_01_000890__center_004571,/home/manos/codes/neural-morphing/artifacts/validation/datasets/paper_eval_v1/source_eval/lofi_drums/0003_56bpm_lofi_drums_dataset_id_01_000890__center_004571.wav,5f277cdf7f100874f52367c5ddc5b2f048c0e233c0fce7f1a416f891bbe0df91,CC-BY-4.0,https://doi.org/10.5281/zenodo.15493892,WaivOps Lo-Fi Drums Dataset DOI 10.5281/zenodo.15493892,8.000000,44100,2,source_eval,56.000,slow_lt80,4.571066,8.000000,0,1,0,"exact-allowed-licenses: CC-BY-3.0,CC-BY-4.0,CC-BY-SA-3.0,CC-BY-SA-4.0,CC0-1.0",1
src_0004_58bpm_lofi_drums_dataset_id_01_001278__center_004275,/home/manos/codes/neural-morphing/artifacts/validation/datasets/paper_eval_v1/source_eval/lofi_drums/0004_58bpm_lofi_drums_dataset_id_01_001278__center_004275.wav,226a73183931bd327c14b2b025a4031f5e9a85eedaee9e1fa6f84bf4694fe647,CC-BY-4.0,https://doi.org/10.5281/zenodo.15493892,WaivOps Lo-Fi Drums Dataset DOI 10.5281/zenodo.15493892,8.000000,44100,2,source_eval,58.000,slow_lt80,4.275011,8.000000,0,1,0,"exact-allowed-licenses: CC-BY-3.0,CC-BY-4.0,CC-BY-SA-3.0,CC-BY-SA-4.0,CC0-1.0",1
src_0005_60bpm_lofi_drums_dataset_id_01_001833__center_003999,/home/manos/codes/neural-morphing/artifacts/validation/datasets/paper_eval_v1/source_eval/lofi_drums/0005_60bpm_lofi_drums_dataset_id_01_001833__center_003999.wav,45d73ee1a159562741e0d8b0d635f92f215fa8ed501f4ecab01daccff9d70d6e,CC-BY-4.0,https://doi.org/10.5281/zenodo.15493892,WaivOps Lo-Fi Drums Dataset DOI 10.5281/zenodo.15493892,8.000000,44100,2,source_eval,60.000,slow_lt80,3.999274,8.000000,0,1,0,"exact-allowed-licenses: CC-BY-3.0,CC-BY-4.0,CC-BY-SA-3.0,CC-BY-SA-4.0,CC0-1.0",1
src_0006_62bpm_lofi_drums_dataset_id_01_002220__center_003741,/home/manos/codes/neural-morphing/artifacts/validation/datasets/paper_eval_v1/source_eval/lofi_drums/0006_62bpm_lofi_drums_dataset_id_01_002220__center_003741.wav,16a9c09cb81f6e41701376b4a47f1d49eae60c3e0c7200152cd7b44cb8560cd2,CC-BY-4.0,https://doi.org/10.5281/zenodo.15493892,WaivOps Lo-Fi Drums Dataset DOI 10.5281/zenodo.15493892,8.000000,44100,2,source_eval,62.000,slow_lt80,3.740952,8.000000,0,1,0,"exact-allowed-licenses: CC-BY-3.0,CC-BY-4.0,CC-BY-SA-3.0,CC-BY-SA-4.0,CC0-1.0",1
src_0007_64bpm_lofi_drums_dataset_id_01_002471__center_003500,/home/manos/codes/neural-morphing/artifacts/validation/datasets/paper_eval_v1/source_eval/lofi_drums/0007_64bpm_lofi_drums_dataset_id_01_002471__center_003500.wav,ae23a88062d25e98637a06df47ad32cfa0c00cfbca9b41ef63fde5b9c80f52cd,CC-BY-4.0,https://doi.org/10.5281/zenodo.15493892,WaivOps Lo-Fi Drums Dataset DOI 10.5281/zenodo.15493892,8.000000,44100,2,source_eval,64.000,slow_lt80,3.500045,8.000000,0,1,0,"exact-allowed-licenses: CC-BY-3.0,CC-BY-4.0,CC-BY-SA-3.0,CC-BY-SA-4.0,CC0-1.0",1
src_0008_65bpm_lofi_drums_dataset_id_01_002860__center_003385,/home/manos/codes/neural-morphing/artifacts/validation/datasets/paper_eval_v1/source_eval/lofi_drums/0008_65bpm_lofi_drums_dataset_id_01_002860__center_003385.wav,b50c56a9d27ff852140a34465b46aa3bf210c7f94aebd11f509fd584cea12af8,CC-BY-4.0,https://doi.org/10.5281/zenodo.15493892,WaivOps Lo-Fi Drums Dataset DOI 10.5281/zenodo.15493892,8.000000,44100,2,source_eval,65.000,slow_lt80,3.384671,8.000000,0,1,0,"exact-allowed-licenses: CC-BY-3.0,CC-BY-4.0,CC-BY-SA-3.0,CC-BY-SA-4.0,CC0-1.0",1
src_0009_66bpm_lofi_drums_dataset_id_01_003193__center_003272,/home/manos/codes/neural-morphing/artifacts/validation/datasets/paper_eval_v1/source_eval/lofi_drums/0009_66bpm_lofi_drums_dataset_id_01_003193__center_003272.wav,d027fba3d5fb065995fbe1d65d3518b9f17c94e11dfe9efa3db4e557e9d306cc,CC-BY-4.0,https://doi.org/10.5281/zenodo.15493892,WaivOps Lo-Fi Drums Dataset DOI 10.5281/zenodo.15493892,8.000000,44100,2,source_eval,66.000,slow_lt80,3.272200,8.000000,0,1,0,"exact-allowed-licenses: CC-BY-3.0,CC-BY-4.0,CC-BY-SA-3.0,CC-BY-SA-4.0,CC0-1.0",1
src_0010_68bpm_lofi_drums_dataset_id_01_003813__center_003059,/home/manos/codes/neural-morphing/artifacts/validation/datasets/paper_eval_v1/source_eval/lofi_drums/0010_68bpm_lofi_drums_dataset_id_01_003813__center_003059.wav,d5f8e0a6869199c408c31ba81f4b8102678174f6ed8bebfe5cf0c737424688a8,CC-BY-4.0,https://doi.org/10.5281/zenodo.15493892,WaivOps Lo-Fi Drums Dataset DOI 10.5281/zenodo.15493892,8.000000,44100,2,source_eval,68.000,slow_lt80,3.058866,8.000000,0,1,0,"exact-allowed-licenses: CC-BY-3.0,CC-BY-4.0,CC-BY-SA-3.0,CC-BY-SA-4.0,CC0-1.0",1
src_0011_70bpm_lofi_drums_dataset_id_01_004186__center_002857,/home/manos/codes/neural-morphing/artifacts/validation/datasets/paper_eval_v1/source_eval/lofi_drums/0011_70bpm_lofi_drums_dataset_id_01_004186__center_002857.wav,86f5272f371ac58545b4694afe6daf773cd7f970d100db792f6c25463b50c211,CC-BY-4.0,https://doi.org/10.5281/zenodo.15493892,WaivOps Lo-Fi Drums Dataset DOI 10.5281/zenodo.15493892,8.000000,44100,2,source_eval,70.000,slow_lt80,2.857143,8.000000,0,1,0,"exact-allowed-licenses: CC-BY-3.0,CC-BY-4.0,CC-BY-SA-3.0,CC-BY-SA-4.0,CC0-1.0",1
src_0012_72bpm_lofi_drums_dataset_id_01_004397__center_002666,/home/manos/codes/neural-morphing/artifacts/validation/datasets/paper_eval_v1/source_eval/lofi_drums/0012_72bpm_lofi_drums_dataset_id_01_004397__center_002666.wav,2d5e31171ff90d285edb7861a774b4f3152ef67e37c9969fd0a0f00f089ed1f1,CC-BY-4.0,https://doi.org/10.5281/zenodo.15493892,WaivOps Lo-Fi Drums Dataset DOI 10.5281/zenodo.15493892,8.000000,44100,2,source_eval,72.000,slow_lt80,2.666304,8.000000,0,1,0,"exact-allowed-licenses: CC-BY-3.0,CC-BY-4.0,CC-BY-SA-3.0,CC-BY-SA-4.0,CC0-1.0",1
src_0013_74bpm_lofi_drums_dataset_id_01_004799__center_002486,/home/manos/codes/neural-morphing/artifacts/validation/datasets/paper_eval_v1/source_eval/lofi_drums/0013_74bpm_lofi_drums_dataset_id_01_004799__center_002486.wav,600daf3a76d6124ec9d3e382b6a53cfbd2e6d42b3cc1ef58d90bc405459227fb,CC-BY-4.0,https://doi.org/10.5281/zenodo.15493892,WaivOps Lo-Fi Drums Dataset DOI 10.5281/zenodo.15493892,8.000000,44100,2,source_eval,74.000,slow_lt80,2.486349,8.000000,0,1,0,"exact-allowed-licenses: CC-BY-3.0,CC-BY-4.0,CC-BY-SA-3.0,CC-BY-SA-4.0,CC0-1.0",1
src_0014_75bpm_lofi_drums_dataset_id_01_005253__center_002400,/home/manos/codes/neural-morphing/artifacts/validation/datasets/paper_eval_v1/source_eval/lofi_drums/0014_75bpm_lofi_drums_dataset_id_01_005253__center_002400.wav,36fc610d7a90309acf4b9c18da654d0859dd555e6ded61169420c3f4f8d3cb80,CC-BY-4.0,https://doi.org/10.5281/zenodo.15493892,WaivOps Lo-Fi Drums Dataset DOI 10.5281/zenodo.15493892,8.000000,44100,2,source_eval,75.000,slow_lt80,2.400000,8.000000,0,1,0,"exact-allowed-licenses: CC-BY-3.0,CC-BY-4.0,CC-BY-SA-3.0,CC-BY-SA-4.0,CC0-1.0",1
src_0015_77bpm_lofi_drums_dataset_id_01_005508__center_002234,/home/manos/codes/neural-morphing/artifacts/validation/datasets/paper_eval_v1/source_eval/lofi_drums/0015_77bpm_lofi_drums_dataset_id_01_005508__center_002234.wav,27bc4d8f3faeefc004578342cf1074b23395a987807d97d18657784622c4bd74,CC-BY-4.0,https://doi.org/10.5281/zenodo.15493892,WaivOps Lo-Fi Drums Dataset DOI 10.5281/zenodo.15493892,8.000000,44100,2,source_eval,77.000,slow_lt80,2.233832,8.000000,0,1,0,"exact-allowed-licenses: CC-BY-3.0,CC-BY-4.0,CC-BY-SA-3.0,CC-BY-SA-4.0,CC0-1.0",1
src_0016_78bpm_lofi_drums_dataset_id_01_005880__center_002154,/home/manos/codes/neural-morphing/artifacts/validation/datasets/paper_eval_v1/source_eval/lofi_drums/0016_78bpm_lofi_drums_dataset_id_01_005880__center_002154.wav,6f1e7829b67e5969ac6a0ebb26cfad2be5e4f95b3269a9c9f8dd8f66b7d17f32,CC-BY-4.0,https://doi.org/10.5281/zenodo.15493892,WaivOps Lo-Fi Drums Dataset DOI 10.5281/zenodo.15493892,8.000000,44100,2,source_eval,78.000,slow_lt80,2.154014,8.000000,0,1,0,"exact-allowed-licenses: CC-BY-3.0,CC-BY-4.0,CC-BY-SA-3.0,CC-BY-SA-4.0,CC0-1.0",1
src_0017_79bpm_lofi_drums_dataset_id_01_006235__center_002076,/home/manos/codes/neural-morphing/artifacts/validation/datasets/paper_eval_v1/source_eval/lofi_drums/0017_79bpm_lofi_drums_dataset_id_01_006235__center_002076.wav,be19fa2da4b9cc3328fd6ca99d5581b0a48f952135594922b24e176634991bb8,CC-BY-4.0,https://doi.org/10.5281/zenodo.15493892,WaivOps Lo-Fi Drums Dataset DOI 10.5281/zenodo.15493892,8.000000,44100,2,source_eval,79.000,slow_lt80,2.075646,8.000000,0,1,0,"exact-allowed-licenses: CC-BY-3.0,CC-BY-4.0,CC-BY-SA-3.0,CC-BY-SA-4.0,CC0-1.0",1
src_0018_80bpm_lofi_drums_dataset_id_01_006840__center_002000,/home/manos/codes/neural-morphing/artifacts/validation/datasets/paper_eval_v1/source_eval/lofi_drums/0018_80bpm_lofi_drums_dataset_id_01_006840__center_002000.wav,a85a9f2956ddb8404d59986ee6ecf32cbd8f6a6fc0f57cca9586930ad676c346,CC-BY-4.0,https://doi.org/10.5281/zenodo.15493892,WaivOps Lo-Fi Drums Dataset DOI 10.5281/zenodo.15493892,8.000000,44100,2,source_eval,80.000,mid_80_110,2.000181,8.000000,0,1,0,"exact-allowed-licenses: CC-BY-3.0,CC-BY-4.0,CC-BY-SA-3.0,CC-BY-SA-4.0,CC0-1.0",1
src_0019_81bpm_lofi_drums_dataset_id_01_007122__center_001926,/home/manos/codes/neural-morphing/artifacts/validation/datasets/paper_eval_v1/source_eval/lofi_drums/0019_81bpm_lofi_drums_dataset_id_01_007122__center_001926.wav,94efe092015ab0483e730243a89391f15a8f322722dc42136913826a6ed2ca7f,CC-BY-4.0,https://doi.org/10.5281/zenodo.15493892,WaivOps Lo-Fi Drums Dataset DOI 10.5281/zenodo.15493892,8.000000,44100,2,source_eval,81.000,mid_80_110,1.926168,8.000000,0,1,0,"exact-allowed-licenses: CC-BY-3.0,CC-BY-4.0,CC-BY-SA-3.0,CC-BY-SA-4.0,CC0-1.0",1
src_0020_82bpm_lofi_drums_dataset_id_01_007671__center_001854,/home/manos/codes/neural-morphing/artifacts/validation/datasets/paper_eval_v1/source_eval/lofi_drums/0020_82bpm_lofi_drums_dataset_id_01_007671__center_001854.wav,0a4cdadf77b8689ed544c91e706ed2ea3153e09459f182b2b59a81be26bea027,CC-BY-4.0,https://doi.org/10.5281/zenodo.15493892,WaivOps Lo-Fi Drums Dataset DOI 10.5281/zenodo.15493892,8.000000,44100,2,source_eval,82.000,mid_80_110,1.853605,8.000000,0,1,0,"exact-allowed-licenses: CC-BY-3.0,CC-BY-4.0,CC-BY-SA-3.0,CC-BY-SA-4.0,CC0-1.0",1
src_0021_83bpm_lofi_drums_dataset_id_01_007978__center_001783,/home/manos/codes/neural-morphing/artifacts/validation/datasets/paper_eval_v1/source_eval/lofi_drums/0021_83bpm_lofi_drums_dataset_id_01_007978__center_001783.wav,7f078dd77f687a4f05547a542b3ba6d19405861879227494b630ab6c39fed516,CC-BY-4.0,https://doi.org/10.5281/zenodo.15493892,WaivOps Lo-Fi Drums Dataset DOI 10.5281/zenodo.15493892,8.000000,44100,2,source_eval,83.000,mid_80_110,1.783220,8.000000,0,1,0,"exact-allowed-licenses: CC-BY-3.0,CC-BY-4.0,CC-BY-SA-3.0,CC-BY-SA-4.0,CC0-1.0",1
src_0022_85bpm_lofi_drums_dataset_id_01_008322__center_001648,/home/manos/codes/neural-morphing/artifacts/validation/datasets/paper_eval_v1/source_eval/lofi_drums/0022_85bpm_lofi_drums_dataset_id_01_008322__center_001648.wav,15c388989cdea2a787e34dfd015ec201dc5b27a22df0f756cde1b88e0b08793e,CC-BY-4.0,https://doi.org/10.5281/zenodo.15493892,WaivOps Lo-Fi Drums Dataset DOI 10.5281/zenodo.15493892,8.000000,44100,2,source_eval,85.000,mid_80_110,1.647528,8.000000,0,1,0,"exact-allowed-licenses: CC-BY-3.0,CC-BY-4.0,CC-BY-SA-3.0,CC-BY-SA-4.0,CC0-1.0",1
src_0023_86bpm_lofi_drums_dataset_id_01_008838__center_001581,/home/manos/codes/neural-morphing/artifacts/validation/datasets/paper_eval_v1/source_eval/lofi_drums/0023_86bpm_lofi_drums_dataset_id_01_008838__center_001581.wav,ce560ca91a737ac3678530106e0b5f934ceb1d2eef04a146096daad69d8144a4,CC-BY-4.0,https://doi.org/10.5281/zenodo.15493892,WaivOps Lo-Fi Drums Dataset DOI 10.5281/zenodo.15493892,8.000000,44100,2,source_eval,86.000,mid_80_110,1.581497,8.000000,0,1,0,"exact-allowed-licenses: CC-BY-3.0,CC-BY-4.0,CC-BY-SA-3.0,CC-BY-SA-4.0,CC0-1.0",1
src_0024_88bpm_lofi_drums_dataset_id_01_008900__center_001455,/home/manos/codes/neural-morphing/artifacts/validation/datasets/paper_eval_v1/source_eval/lofi_drums/0024_88bpm_lofi_drums_dataset_id_01_008900__center_001455.wav,e8ea238217c57605a3e6b1b0fa9e50a23f5141ed25e8061f3c4b0a51191c99c9,CC-BY-4.0,https://doi.org/10.5281/zenodo.15493892,WaivOps Lo-Fi Drums Dataset DOI 10.5281/zenodo.15493892,8.000000,44100,2,source_eval,88.000,mid_80_110,1.454512,8.000000,0,1,0,"exact-allowed-licenses: CC-BY-3.0,CC-BY-4.0,CC-BY-SA-3.0,CC-BY-SA-4.0,CC0-1.0",1
src_0025_89bpm_lofi_drums_dataset_id_01_009550__center_001394,/home/manos/codes/neural-morphing/artifacts/validation/datasets/paper_eval_v1/source_eval/lofi_drums/0025_89bpm_lofi_drums_dataset_id_01_009550__center_001394.wav,cb71bd71ada86d13f7c345b6630419ee8a6878b4c4d670d5a62b9b50f2f31cd2,CC-BY-4.0,https://doi.org/10.5281/zenodo.15493892,WaivOps Lo-Fi Drums Dataset DOI 10.5281/zenodo.15493892,8.000000,44100,2,source_eval,89.000,mid_80_110,1.393560,8.000000,0,1,0,"exact-allowed-licenses: CC-BY-3.0,CC-BY-4.0,CC-BY-SA-3.0,CC-BY-SA-4.0,CC0-1.0",1
src_0026_90bpm_lofi_drums_dataset_id_01_009638__center_001337,/home/manos/codes/neural-morphing/artifacts/validation/datasets/paper_eval_v1/source_eval/lofi_drums/0026_90bpm_lofi_drums_dataset_id_01_009638__center_001337.wav,2a17d3d7d41e04118f65e2c7b8b905702107b692a0a44464e14a03386fdd406f,CC-BY-4.0,https://doi.org/10.5281/zenodo.15493892,WaivOps Lo-Fi Drums Dataset DOI 10.5281/zenodo.15493892,8.000000,44100,2,source_eval,90.000,mid_80_110,1.336961,8.000000,0,1,0,"exact-allowed-licenses: CC-BY-3.0,CC-BY-4.0,CC-BY-SA-3.0,CC-BY-SA-4.0,CC0-1.0",1
src_0027_50bpm_lofi_drums_dataset_id_01_000186__center_005599,/home/manos/codes/neural-morphing/artifacts/validation/datasets/paper_eval_v1/source_eval/lofi_drums/0027_50bpm_lofi_drums_dataset_id_01_000186__center_005599.wav,3fd71eec55bd409521e782d57be3c6c4f4ac3424cde985e298cff881fcf4c842,CC-BY-4.0,https://doi.org/10.5281/zenodo.15493892,WaivOps Lo-Fi Drums Dataset DOI 10.5281/zenodo.15493892,8.000000,44100,2,source_eval,50.000,slow_lt80,5.598549,8.000000,0,1,0,"exact-allowed-licenses: CC-BY-3.0,CC-BY-4.0,CC-BY-SA-3.0,CC-BY-SA-4.0,CC0-1.0",1
src_0028_55bpm_lofi_drums_dataset_id_01_000761__center_004726,/home/manos/codes/neural-morphing/artifacts/validation/datasets/paper_eval_v1/source_eval/lofi_drums/0028_55bpm_lofi_drums_dataset_id_01_000761__center_004726.wav,d1230a9407d7bafc03ce50914c3edd524354115edd812eae31cc050ac5c4be07,CC-BY-4.0,https://doi.org/10.5281/zenodo.15493892,WaivOps Lo-Fi Drums Dataset DOI 10.5281/zenodo.15493892,8.000000,44100,2,source_eval,55.000,slow_lt80,4.726349,8.000000,0,1,0,"exact-allowed-licenses: CC-BY-3.0,CC-BY-4.0,CC-BY-SA-3.0,CC-BY-SA-4.0,CC0-1.0",1
src_0029_56bpm_lofi_drums_dataset_id_01_000787__center_004571,/home/manos/codes/neural-morphing/artifacts/validation/datasets/paper_eval_v1/source_eval/lofi_drums/0029_56bpm_lofi_drums_dataset_id_01_000787__center_004571.wav,d337aff762ca554ab011940502e680e4c0ba8d3e31dcea8d4a3d438d090b20f9,CC-BY-4.0,https://doi.org/10.5281/zenodo.15493892,WaivOps Lo-Fi Drums Dataset DOI 10.5281/zenodo.15493892,8.000000,44100,2,source_eval,56.000,slow_lt80,4.571066,8.000000,0,1,0,"exact-allowed-licenses: CC-BY-3.0,CC-BY-4.0,CC-BY-SA-3.0,CC-BY-SA-4.0,CC0-1.0",1
src_0030_58bpm_lofi_drums_dataset_id_01_001210__center_004275,/home/manos/codes/neural-morphing/artifacts/validation/datasets/paper_eval_v1/source_eval/lofi_drums/0030_58bpm_lofi_drums_dataset_id_01_001210__center_004275.wav,bff86bac464684bcf7c742d995bc0eed97d4473725182f05ef645272c23522e6,CC-BY-4.0,https://doi.org/10.5281/zenodo.15493892,WaivOps Lo-Fi Drums Dataset DOI 10.5281/zenodo.15493892,8.000000,44100,2,source_eval,58.000,slow_lt80,4.275011,8.000000,0,1,0,"exact-allowed-licenses: CC-BY-3.0,CC-BY-4.0,CC-BY-SA-3.0,CC-BY-SA-4.0,CC0-1.0",1
src_0031_60bpm_lofi_drums_dataset_id_01_001758__center_003999,/home/manos/codes/neural-morphing/artifacts/validation/datasets/paper_eval_v1/source_eval/lofi_drums/0031_60bpm_lofi_drums_dataset_id_01_001758__center_003999.wav,abb60b4696a5a60f36f60a2c8f95dba1cc6937611e95e19a6f8201c5a9b88c27,CC-BY-4.0,https://doi.org/10.5281/zenodo.15493892,WaivOps Lo-Fi Drums Dataset DOI 10.5281/zenodo.15493892,8.000000,44100,2,source_eval,60.000,slow_lt80,3.999274,8.000000,0,1,0,"exact-allowed-licenses: CC-BY-3.0,CC-BY-4.0,CC-BY-SA-3.0,CC-BY-SA-4.0,CC0-1.0",1
src_0032_62bpm_lofi_drums_dataset_id_01_002079__center_003741,/home/manos/codes/neural-morphing/artifacts/validation/datasets/paper_eval_v1/source_eval/lofi_drums/0032_62bpm_lofi_drums_dataset_id_01_002079__center_003741.wav,2f4916b9463ca849f996f963342d4b794191a6dbd2fb271b9bd04c18b4d90948,CC-BY-4.0,https://doi.org/10.5281/zenodo.15493892,WaivOps Lo-Fi Drums Dataset DOI 10.5281/zenodo.15493892,8.000000,44100,2,source_eval,62.000,slow_lt80,3.740952,8.000000,0,1,0,"exact-allowed-licenses: CC-BY-3.0,CC-BY-4.0,CC-BY-SA-3.0,CC-BY-SA-4.0,CC0-1.0",1
src_0033_64bpm_lofi_drums_dataset_id_01_002483__center_003500,/home/manos/codes/neural-morphing/artifacts/validation/datasets/paper_eval_v1/source_eval/lofi_drums/0033_64bpm_lofi_drums_dataset_id_01_002483__center_003500.wav,665fd1d097e3ea02e4218565f498f32ffdb68427c1a16f19fc5c5ec232d8ec10,CC-BY-4.0,https://doi.org/10.5281/zenodo.15493892,WaivOps Lo-Fi Drums Dataset DOI 10.5281/zenodo.15493892,8.000000,44100,2,source_eval,64.000,slow_lt80,3.500045,8.000000,0,1,0,"exact-allowed-licenses: CC-BY-3.0,CC-BY-4.0,CC-BY-SA-3.0,CC-BY-SA-4.0,CC0-1.0",1
src_0034_65bpm_lofi_drums_dataset_id_01_002921__center_003385,/home/manos/codes/neural-morphing/artifacts/validation/datasets/paper_eval_v1/source_eval/lofi_drums/0034_65bpm_lofi_drums_dataset_id_01_002921__center_003385.wav,32b74766294932de2b09873f3bcdbd4ab35872c110168a5900ecc6236ab37672,CC-BY-4.0,https://doi.org/10.5281/zenodo.15493892,WaivOps Lo-Fi Drums Dataset DOI 10.5281/zenodo.15493892,8.000000,44100,2,source_eval,65.000,slow_lt80,3.384671,8.000000,0,1,0,"exact-allowed-licenses: CC-BY-3.0,CC-BY-4.0,CC-BY-SA-3.0,CC-BY-SA-4.0,CC0-1.0",1
src_0035_66bpm_lofi_drums_dataset_id_01_003164__center_003272,/home/manos/codes/neural-morphing/artifacts/validation/datasets/paper_eval_v1/source_eval/lofi_drums/0035_66bpm_lofi_drums_dataset_id_01_003164__center_003272.wav,7ae6de609675dc85f5bf5d161924d640b1ab3cc306e4b6a989a5b9b4e58d5922,CC-BY-4.0,https://doi.org/10.5281/zenodo.15493892,WaivOps Lo-Fi Drums Dataset DOI 10.5281/zenodo.15493892,8.000000,44100,2,source_eval,66.000,slow_lt80,3.272200,8.000000,0,1,0,"exact-allowed-licenses: CC-BY-3.0,CC-BY-4.0,CC-BY-SA-3.0,CC-BY-SA-4.0,CC0-1.0",1
src_0036_68bpm_lofi_drums_dataset_id_01_003804__center_003059,/home/manos/codes/neural-morphing/artifacts/validation/datasets/paper_eval_v1/source_eval/lofi_drums/0036_68bpm_lofi_drums_dataset_id_01_003804__center_003059.wav,60cc831c7b7ba100b97a4885c514f3855ea1d594143f2a200b9219f81c0f2128,CC-BY-4.0,https://doi.org/10.5281/zenodo.15493892,WaivOps Lo-Fi Drums Dataset DOI 10.5281/zenodo.15493892,8.000000,44100,2,source_eval,68.000,slow_lt80,3.058866,8.000000,0,1,0,"exact-allowed-licenses: CC-BY-3.0,CC-BY-4.0,CC-BY-SA-3.0,CC-BY-SA-4.0,CC0-1.0",1
src_0037_70bpm_lofi_drums_dataset_id_01_004307__center_002857,/home/manos/codes/neural-morphing/artifacts/validation/datasets/paper_eval_v1/source_eval/lofi_drums/0037_70bpm_lofi_drums_dataset_id_01_004307__center_002857.wav,35f9153f10887a19ecdf40987ac429a3dc550e4c024ae67d7d034be225add369,CC-BY-4.0,https://doi.org/10.5281/zenodo.15493892,WaivOps Lo-Fi Drums Dataset DOI 10.5281/zenodo.15493892,8.000000,44100,2,source_eval,70.000,slow_lt80,2.857143,8.000000,0,1,0,"exact-allowed-licenses: CC-BY-3.0,CC-BY-4.0,CC-BY-SA-3.0,CC-BY-SA-4.0,CC0-1.0",1
src_0038_72bpm_lofi_drums_dataset_id_01_004534__center_002666,/home/manos/codes/neural-morphing/artifacts/validation/datasets/paper_eval_v1/source_eval/lofi_drums/0038_72bpm_lofi_drums_dataset_id_01_004534__center_002666.wav,29d0c71300abdbc4d4ada91e137321be26c87b1ebf4667673bad2c9dcaf2e900,CC-BY-4.0,https://doi.org/10.5281/zenodo.15493892,WaivOps Lo-Fi Drums Dataset DOI 10.5281/zenodo.15493892,8.000000,44100,2,source_eval,72.000,slow_lt80,2.666304,8.000000,0,1,0,"exact-allowed-licenses: CC-BY-3.0,CC-BY-4.0,CC-BY-SA-3.0,CC-BY-SA-4.0,CC0-1.0",1
src_0039_74bpm_lofi_drums_dataset_id_01_004962__center_002486,/home/manos/codes/neural-morphing/artifacts/validation/datasets/paper_eval_v1/source_eval/lofi_drums/0039_74bpm_lofi_drums_dataset_id_01_004962__center_002486.wav,7e272ff43d88db9cbfb90d35e8deda6ec83d459ae4d64fa83f8b37d4e4de9228,CC-BY-4.0,https://doi.org/10.5281/zenodo.15493892,WaivOps Lo-Fi Drums Dataset DOI 10.5281/zenodo.15493892,8.000000,44100,2,source_eval,74.000,slow_lt80,2.486349,8.000000,0,1,0,"exact-allowed-licenses: CC-BY-3.0,CC-BY-4.0,CC-BY-SA-3.0,CC-BY-SA-4.0,CC0-1.0",1
src_0040_75bpm_lofi_drums_dataset_id_01_005217__center_002400,/home/manos/codes/neural-morphing/artifacts/validation/datasets/paper_eval_v1/source_eval/lofi_drums/0040_75bpm_lofi_drums_dataset_id_01_005217__center_002400.wav,4b9e7c382be10a286d90077cb696c10ca8ac3c850b19aec4089a85a76b2aa60e,CC-BY-4.0,https://doi.org/10.5281/zenodo.15493892,WaivOps Lo-Fi Drums Dataset DOI 10.5281/zenodo.15493892,8.000000,44100,2,source_eval,75.000,slow_lt80,2.400000,8.000000,0,1,0,"exact-allowed-licenses: CC-BY-3.0,CC-BY-4.0,CC-BY-SA-3.0,CC-BY-SA-4.0,CC0-1.0",1
src_0041_77bpm_lofi_drums_dataset_id_01_005621__center_002234,/home/manos/codes/neural-morphing/artifacts/validation/datasets/paper_eval_v1/source_eval/lofi_drums/0041_77bpm_lofi_drums_dataset_id_01_005621__center_002234.wav,48c61b7361dd67208ea57e4cf56ed5a4fa9b75e0587275d2ad0629748ea459fb,CC-BY-4.0,https://doi.org/10.5281/zenodo.15493892,WaivOps Lo-Fi Drums Dataset DOI 10.5281/zenodo.15493892,8.000000,44100,2,source_eval,77.000,slow_lt80,2.233832,8.000000,0,1,0,"exact-allowed-licenses: CC-BY-3.0,CC-BY-4.0,CC-BY-SA-3.0,CC-BY-SA-4.0,CC0-1.0",1
src_0042_78bpm_lofi_drums_dataset_id_01_006083__center_002154,/home/manos/codes/neural-morphing/artifacts/validation/datasets/paper_eval_v1/source_eval/lofi_drums/0042_78bpm_lofi_drums_dataset_id_01_006083__center_002154.wav,f9e1595de20b94df07d5e5d20f89ac1bffe98a2258de7cad65561d01d50a5710,CC-BY-4.0,https://doi.org/10.5281/zenodo.15493892,WaivOps Lo-Fi Drums Dataset DOI 10.5281/zenodo.15493892,8.000000,44100,2,source_eval,78.000,slow_lt80,2.154014,8.000000,0,1,0,"exact-allowed-licenses: CC-BY-3.0,CC-BY-4.0,CC-BY-SA-3.0,CC-BY-SA-4.0,CC0-1.0",1
src_0043_79bpm_lofi_drums_dataset_id_01_006542__center_002076,/home/manos/codes/neural-morphing/artifacts/validation/datasets/paper_eval_v1/source_eval/lofi_drums/0043_79bpm_lofi_drums_dataset_id_01_006542__center_002076.wav,14504e05145398a33b7d424517287d4a90c2faa3b80e53688c99e1c62eb7c8ff,CC-BY-4.0,https://doi.org/10.5281/zenodo.15493892,WaivOps Lo-Fi Drums Dataset DOI 10.5281/zenodo.15493892,8.000000,44100,2,source_eval,79.000,slow_lt80,2.075646,8.000000,0,1,0,"exact-allowed-licenses: CC-BY-3.0,CC-BY-4.0,CC-BY-SA-3.0,CC-BY-SA-4.0,CC0-1.0",1
src_0044_80bpm_lofi_drums_dataset_id_01_006895__center_002000,/home/manos/codes/neural-morphing/artifacts/validation/datasets/paper_eval_v1/source_eval/lofi_drums/0044_80bpm_lofi_drums_dataset_id_01_006895__center_002000.wav,8b44e182a27700f21bfce28ee138d594c805b6426e5e72fa951e82443999da5d,CC-BY-4.0,https://doi.org/10.5281/zenodo.15493892,WaivOps Lo-Fi Drums Dataset DOI 10.5281/zenodo.15493892,8.000000,44100,2,source_eval,80.000,mid_80_110,2.000181,8.000000,0,1,0,"exact-allowed-licenses: CC-BY-3.0,CC-BY-4.0,CC-BY-SA-3.0,CC-BY-SA-4.0,CC0-1.0",1
src_0045_81bpm_lofi_drums_dataset_id_01_007293__center_001926,/home/manos/codes/neural-morphing/artifacts/validation/datasets/paper_eval_v1/source_eval/lofi_drums/0045_81bpm_lofi_drums_dataset_id_01_007293__center_001926.wav,fb91fa059294564ac348b6cc6e81cc5d05b622f894d612b4543ce65820be7699,CC-BY-4.0,https://doi.org/10.5281/zenodo.15493892,WaivOps Lo-Fi Drums Dataset DOI 10.5281/zenodo.15493892,8.000000,44100,2,source_eval,81.000,mid_80_110,1.926168,8.000000,0,1,0,"exact-allowed-licenses: CC-BY-3.0,CC-BY-4.0,CC-BY-SA-3.0,CC-BY-SA-4.0,CC0-1.0",1
src_0046_82bpm_lofi_drums_dataset_id_01_007669__center_001854,/home/manos/codes/neural-morphing/artifacts/validation/datasets/paper_eval_v1/source_eval/lofi_drums/0046_82bpm_lofi_drums_dataset_id_01_007669__center_001854.wav,35e87990df340eb78c5c2698c1e39853dc13a4188f8b767180691785abbeb9ec,CC-BY-4.0,https://doi.org/10.5281/zenodo.15493892,WaivOps Lo-Fi Drums Dataset DOI 10.5281/zenodo.15493892,8.000000,44100,2,source_eval,82.000,mid_80_110,1.853605,8.000000,0,1,0,"exact-allowed-licenses: CC-BY-3.0,CC-BY-4.0,CC-BY-SA-3.0,CC-BY-SA-4.0,CC0-1.0",1
src_0047_83bpm_lofi_drums_dataset_id_01_008039__center_001783,/home/manos/codes/neural-morphing/artifacts/validation/datasets/paper_eval_v1/source_eval/lofi_drums/0047_83bpm_lofi_drums_dataset_id_01_008039__center_001783.wav,340068f2651adfb0ad6e70e1425bc4b95c47edc693e89bb24ae5268daaef73e0,CC-BY-4.0,https://doi.org/10.5281/zenodo.15493892,WaivOps Lo-Fi Drums Dataset DOI 10.5281/zenodo.15493892,8.000000,44100,2,source_eval,83.000,mid_80_110,1.783220,8.000000,0,1,0,"exact-allowed-licenses: CC-BY-3.0,CC-BY-4.0,CC-BY-SA-3.0,CC-BY-SA-4.0,CC0-1.0",1
src_0048_85bpm_lofi_drums_dataset_id_01_008288__center_001648,/home/manos/codes/neural-morphing/artifacts/validation/datasets/paper_eval_v1/source_eval/lofi_drums/0048_85bpm_lofi_drums_dataset_id_01_008288__center_001648.wav,591190c0e1eb6e5414ec68b8640edd2dd277ead96abe59c97d0b707bad19efd4,CC-BY-4.0,https://doi.org/10.5281/zenodo.15493892,WaivOps Lo-Fi Drums Dataset DOI 10.5281/zenodo.15493892,8.000000,44100,2,source_eval,85.000,mid_80_110,1.647528,8.000000,0,1,0,"exact-allowed-licenses: CC-BY-3.0,CC-BY-4.0,CC-BY-SA-3.0,CC-BY-SA-4.0,CC0-1.0",1
src_0049_86bpm_lofi_drums_dataset_id_01_008696__center_001581,/home/manos/codes/neural-morphing/artifacts/validation/datasets/paper_eval_v1/source_eval/lofi_drums/0049_86bpm_lofi_drums_dataset_id_01_008696__center_001581.wav,76104e473ffa8beb9debf127079cbe88f298c15fd8ac16a287ebdecb04d9442f,CC-BY-4.0,https://doi.org/10.5281/zenodo.15493892,WaivOps Lo-Fi Drums Dataset DOI 10.5281/zenodo.15493892,8.000000,44100,2,source_eval,86.000,mid_80_110,1.581497,8.000000,0,1,0,"exact-allowed-licenses: CC-BY-3.0,CC-BY-4.0,CC-BY-SA-3.0,CC-BY-SA-4.0,CC0-1.0",1
src_0050_88bpm_lofi_drums_dataset_id_01_009090__center_001455,/home/manos/codes/neural-morphing/artifacts/validation/datasets/paper_eval_v1/source_eval/lofi_drums/0050_88bpm_lofi_drums_dataset_id_01_009090__center_001455.wav,b3fa1db01278fe47be3e6cb4b150911de48deb9cdda0868e933b7cd772de7981,CC-BY-4.0,https://doi.org/10.5281/zenodo.15493892,WaivOps Lo-Fi Drums Dataset DOI 10.5281/zenodo.15493892,8.000000,44100,2,source_eval,88.000,mid_80_110,1.454512,8.000000,0,1,0,"exact-allowed-licenses: CC-BY-3.0,CC-BY-4.0,CC-BY-SA-3.0,CC-BY-SA-4.0,CC0-1.0",1
src_0051_89bpm_lofi_drums_dataset_id_01_009499__center_001394,/home/manos/codes/neural-morphing/artifacts/validation/datasets/paper_eval_v1/source_eval/lofi_drums/0051_89bpm_lofi_drums_dataset_id_01_009499__center_001394.wav,daf628791404d2662f8706ad5154cb70d3f168f0ab2b44a36ecfde8f3c23b8ce,CC-BY-4.0,https://doi.org/10.5281/zenodo.15493892,WaivOps Lo-Fi Drums Dataset DOI 10.5281/zenodo.15493892,8.000000,44100,2,source_eval,89.000,mid_80_110,1.393560,8.000000,0,1,0,"exact-allowed-licenses: CC-BY-3.0,CC-BY-4.0,CC-BY-SA-3.0,CC-BY-SA-4.0,CC0-1.0",1
src_0052_90bpm_lofi_drums_dataset_id_01_009627__center_001334,/home/manos/codes/neural-morphing/artifacts/validation/datasets/paper_eval_v1/source_eval/lofi_drums/0052_90bpm_lofi_drums_dataset_id_01_009627__center_001334.wav,752ce5dc3ea117b18dc65e53be2fab23e1511a27b18bbd2d9d63317411e62912,CC-BY-4.0,https://doi.org/10.5281/zenodo.15493892,WaivOps Lo-Fi Drums Dataset DOI 10.5281/zenodo.15493892,8.000000,44100,2,source_eval,90.000,mid_80_110,1.334059,8.000000,0,1,0,"exact-allowed-licenses: CC-BY-3.0,CC-BY-4.0,CC-BY-SA-3.0,CC-BY-SA-4.0,CC0-1.0",1
src_0053_50bpm_lofi_drums_dataset_id_01_000298__center_005605,/home/manos/codes/neural-morphing/artifacts/validation/datasets/paper_eval_v1/source_eval/lofi_drums/0053_50bpm_lofi_drums_dataset_id_01_000298__center_005605.wav,4e507b7e4bc9824b4aeaeaa95a4dbeb90a6eea70309769963d4280fe9d9a3aa3,CC-BY-4.0,https://doi.org/10.5281/zenodo.15493892,WaivOps Lo-Fi Drums Dataset DOI 10.5281/zenodo.15493892,8.000000,44100,2,source_eval,50.000,slow_lt80,5.605079,8.000000,0,1,0,"exact-allowed-licenses: CC-BY-3.0,CC-BY-4.0,CC-BY-SA-3.0,CC-BY-SA-4.0,CC0-1.0",1
src_0054_55bpm_lofi_drums_dataset_id_01_000760__center_004726,/home/manos/codes/neural-morphing/artifacts/validation/datasets/paper_eval_v1/source_eval/lofi_drums/0054_55bpm_lofi_drums_dataset_id_01_000760__center_004726.wav,9d2a09a272358e0630b763e77c2ae3a321eafc0dcdf716fa6f2e2ebe0bf95120,CC-BY-4.0,https://doi.org/10.5281/zenodo.15493892,WaivOps Lo-Fi Drums Dataset DOI 10.5281/zenodo.15493892,8.000000,44100,2,source_eval,55.000,slow_lt80,4.726349,8.000000,0,1,0,"exact-allowed-licenses: CC-BY-3.0,CC-BY-4.0,CC-BY-SA-3.0,CC-BY-SA-4.0,CC0-1.0",1
src_0055_56bpm_lofi_drums_dataset_id_01_001024__center_004571,/home/manos/codes/neural-morphing/artifacts/validation/datasets/paper_eval_v1/source_eval/lofi_drums/0055_56bpm_lofi_drums_dataset_id_01_001024__center_004571.wav,ea96c2a997b0badfb7ca4c59a4be3f87d96ce8a4a42f3e5046746e9fcaffacae,CC-BY-4.0,https://doi.org/10.5281/zenodo.15493892,WaivOps Lo-Fi Drums Dataset DOI 10.5281/zenodo.15493892,8.000000,44100,2,source_eval,56.000,slow_lt80,4.571066,8.000000,0,1,0,"exact-allowed-licenses: CC-BY-3.0,CC-BY-4.0,CC-BY-SA-3.0,CC-BY-SA-4.0,CC0-1.0",1
src_0056_58bpm_lofi_drums_dataset_id_01_001435__center_004275,/home/manos/codes/neural-morphing/artifacts/validation/datasets/paper_eval_v1/source_eval/lofi_drums/0056_58bpm_lofi_drums_dataset_id_01_001435__center_004275.wav,83c3ace64e39be78445e0e8a6243c23ae260c1a92301be57a95cd59280ef57b7,CC-BY-4.0,https://doi.org/10.5281/zenodo.15493892,WaivOps Lo-Fi Drums Dataset DOI 10.5281/zenodo.15493892,8.000000,44100,2,source_eval,58.000,slow_lt80,4.275011,8.000000,0,1,0,"exact-allowed-licenses: CC-BY-3.0,CC-BY-4.0,CC-BY-SA-3.0,CC-BY-SA-4.0,CC0-1.0",1
src_0057_60bpm_lofi_drums_dataset_id_01_001617__center_003999,/home/manos/codes/neural-morphing/artifacts/validation/datasets/paper_eval_v1/source_eval/lofi_drums/0057_60bpm_lofi_drums_dataset_id_01_001617__center_003999.wav,a29204b08627cc5c42594f94cd81754c64f2009aca477e23922a6ae330617669,CC-BY-4.0,https://doi.org/10.5281/zenodo.15493892,WaivOps Lo-Fi Drums Dataset DOI 10.5281/zenodo.15493892,8.000000,44100,2,source_eval,60.000,slow_lt80,3.999274,8.000000,0,1,0,"exact-allowed-licenses: CC-BY-3.0,CC-BY-4.0,CC-BY-SA-3.0,CC-BY-SA-4.0,CC0-1.0",1
src_0058_62bpm_lofi_drums_dataset_id_01_001950__center_003741,/home/manos/codes/neural-morphing/artifacts/validation/datasets/paper_eval_v1/source_eval/lofi_drums/0058_62bpm_lofi_drums_dataset_id_01_001950__center_003741.wav,03f35a61682d9489cbfef8c03619e6e24a2748ff05a5dbcbe62b309a5642106c,CC-BY-4.0,https://doi.org/10.5281/zenodo.15493892,WaivOps Lo-Fi Drums Dataset DOI 10.5281/zenodo.15493892,8.000000,44100,2,source_eval,62.000,slow_lt80,3.740952,8.000000,0,1,0,"exact-allowed-licenses: CC-BY-3.0,CC-BY-4.0,CC-BY-SA-3.0,CC-BY-SA-4.0,CC0-1.0",1
src_0059_64bpm_lofi_drums_dataset_id_01_002687__center_003500,/home/manos/codes/neural-morphing/artifacts/validation/datasets/paper_eval_v1/source_eval/lofi_drums/0059_64bpm_lofi_drums_dataset_id_01_002687__center_003500.wav,cb17b7141a5115fd7b799de00c20bdfb77906a6fe9a421098a5f8e25512305c0,CC-BY-4.0,https://doi.org/10.5281/zenodo.15493892,WaivOps Lo-Fi Drums Dataset DOI 10.5281/zenodo.15493892,8.000000,44100,2,source_eval,64.000,slow_lt80,3.500045,8.000000,0,1,0,"exact-allowed-licenses: CC-BY-3.0,CC-BY-4.0,CC-BY-SA-3.0,CC-BY-SA-4.0,CC0-1.0",1
src_0060_65bpm_lofi_drums_dataset_id_01_002869__center_003385,/home/manos/codes/neural-morphing/artifacts/validation/datasets/paper_eval_v1/source_eval/lofi_drums/0060_65bpm_lofi_drums_dataset_id_01_002869__center_003385.wav,07b1b1a1d6fbf32e956057acd478085482df3a8ffd7eb0c670cf68c72bf5098a,CC-BY-4.0,https://doi.org/10.5281/zenodo.15493892,WaivOps Lo-Fi Drums Dataset DOI 10.5281/zenodo.15493892,8.000000,44100,2,source_eval,65.000,slow_lt80,3.384671,8.000000,0,1,0,"exact-allowed-licenses: CC-BY-3.0,CC-BY-4.0,CC-BY-SA-3.0,CC-BY-SA-4.0,CC0-1.0",1
src_0061_66bpm_lofi_drums_dataset_id_01_003374__center_003272,/home/manos/codes/neural-morphing/artifacts/validation/datasets/paper_eval_v1/source_eval/lofi_drums/0061_66bpm_lofi_drums_dataset_id_01_003374__center_003272.wav,a6e494f54e4503c57d041054e88a76cff7fb447bb569152519a6e40706c755b0,CC-BY-4.0,https://doi.org/10.5281/zenodo.15493892,WaivOps Lo-Fi Drums Dataset DOI 10.5281/zenodo.15493892,8.000000,44100,2,source_eval,66.000,slow_lt80,3.272200,8.000000,0,1,0,"exact-allowed-licenses: CC-BY-3.0,CC-BY-4.0,CC-BY-SA-3.0,CC-BY-SA-4.0,CC0-1.0",1
src_0062_68bpm_lofi_drums_dataset_id_01_003640__center_003059,/home/manos/codes/neural-morphing/artifacts/validation/datasets/paper_eval_v1/source_eval/lofi_drums/0062_68bpm_lofi_drums_dataset_id_01_003640__center_003059.wav,2f066099daa2323828c864f1a7b227110861e9c820640836143f69fd459488e2,CC-BY-4.0,https://doi.org/10.5281/zenodo.15493892,WaivOps Lo-Fi Drums Dataset DOI 10.5281/zenodo.15493892,8.000000,44100,2,source_eval,68.000,slow_lt80,3.058866,8.000000,0,1,0,"exact-allowed-licenses: CC-BY-3.0,CC-BY-4.0,CC-BY-SA-3.0,CC-BY-SA-4.0,CC0-1.0",1
src_0063_70bpm_lofi_drums_dataset_id_01_004081__center_002857,/home/manos/codes/neural-morphing/artifacts/validation/datasets/paper_eval_v1/source_eval/lofi_drums/0063_70bpm_lofi_drums_dataset_id_01_004081__center_002857.wav,2a77cd4df372c2ddef270ef1b0b6988c458c227c0ef789f155bcac33ccff063f,CC-BY-4.0,https://doi.org/10.5281/zenodo.15493892,WaivOps Lo-Fi Drums Dataset DOI 10.5281/zenodo.15493892,8.000000,44100,2,source_eval,70.000,slow_lt80,2.857143,8.000000,0,1,0,"exact-allowed-licenses: CC-BY-3.0,CC-BY-4.0,CC-BY-SA-3.0,CC-BY-SA-4.0,CC0-1.0",1
src_0064_72bpm_lofi_drums_dataset_id_01_004344__center_002666,/home/manos/codes/neural-morphing/artifacts/validation/datasets/paper_eval_v1/source_eval/lofi_drums/0064_72bpm_lofi_drums_dataset_id_01_004344__center_002666.wav,5f0b19230cb5b7f01eaf3c2f1e6c266ddd338d9a7a21a794a41a31c9454bfb2b,CC-BY-4.0,https://doi.org/10.5281/zenodo.15493892,WaivOps Lo-Fi Drums Dataset DOI 10.5281/zenodo.15493892,8.000000,44100,2,source_eval,72.000,slow_lt80,2.666304,8.000000,0,1,0,"exact-allowed-licenses: CC-BY-3.0,CC-BY-4.0,CC-BY-SA-3.0,CC-BY-SA-4.0,CC0-1.0",1
src_0065_74bpm_lofi_drums_dataset_id_01_004895__center_002486,/home/manos/codes/neural-morphing/artifacts/validation/datasets/paper_eval_v1/source_eval/lofi_drums/0065_74bpm_lofi_drums_dataset_id_01_004895__center_002486.wav,3ee8f2c0cd92c95af723d1c115514aad2a19407862a6b098a82ff84b743507fd,CC-BY-4.0,https://doi.org/10.5281/zenodo.15493892,WaivOps Lo-Fi Drums Dataset DOI 10.5281/zenodo.15493892,8.000000,44100,2,source_eval,74.000,slow_lt80,2.486349,8.000000,0,1,0,"exact-allowed-licenses: CC-BY-3.0,CC-BY-4.0,CC-BY-SA-3.0,CC-BY-SA-4.0,CC0-1.0",1
src_0066_75bpm_lofi_drums_dataset_id_01_005122__center_002400,/home/manos/codes/neural-morphing/artifacts/validation/datasets/paper_eval_v1/source_eval/lofi_drums/0066_75bpm_lofi_drums_dataset_id_01_005122__center_002400.wav,6075eb352997247781ebed6dee71133ed5e13d64a4d71d44242e620d0ec8bc25,CC-BY-4.0,https://doi.org/10.5281/zenodo.15493892,WaivOps Lo-Fi Drums Dataset DOI 10.5281/zenodo.15493892,8.000000,44100,2,source_eval,75.000,slow_lt80,2.400000,8.000000,0,1,0,"exact-allowed-licenses: CC-BY-3.0,CC-BY-4.0,CC-BY-SA-3.0,CC-BY-SA-4.0,CC0-1.0",1
src_0067_77bpm_lofi_drums_dataset_id_01_005593__center_002234,/home/manos/codes/neural-morphing/artifacts/validation/datasets/paper_eval_v1/source_eval/lofi_drums/0067_77bpm_lofi_drums_dataset_id_01_005593__center_002234.wav,0d98c6ee23271bb9b7f7e814f4296e8a99073aa7d5d7eea8224f01af6e5f74ec,CC-BY-4.0,https://doi.org/10.5281/zenodo.15493892,WaivOps Lo-Fi Drums Dataset DOI 10.5281/zenodo.15493892,8.000000,44100,2,source_eval,77.000,slow_lt80,2.233832,8.000000,0,1,0,"exact-allowed-licenses: CC-BY-3.0,CC-BY-4.0,CC-BY-SA-3.0,CC-BY-SA-4.0,CC0-1.0",1
src_0068_78bpm_lofi_drums_dataset_id_01_006019__center_002158,/home/manos/codes/neural-morphing/artifacts/validation/datasets/paper_eval_v1/source_eval/lofi_drums/0068_78bpm_lofi_drums_dataset_id_01_006019__center_002158.wav,88a0368a39f3b18ab14a26aab5fbe956b55bf3df1319d9d5ddd633071b608da5,CC-BY-4.0,https://doi.org/10.5281/zenodo.15493892,WaivOps Lo-Fi Drums Dataset DOI 10.5281/zenodo.15493892,8.000000,44100,2,source_eval,78.000,slow_lt80,2.157642,8.000000,0,1,0,"exact-allowed-licenses: CC-BY-3.0,CC-BY-4.0,CC-BY-SA-3.0,CC-BY-SA-4.0,CC0-1.0",1
src_0069_79bpm_lofi_drums_dataset_id_01_006420__center_002076,/home/manos/codes/neural-morphing/artifacts/validation/datasets/paper_eval_v1/source_eval/lofi_drums/0069_79bpm_lofi_drums_dataset_id_01_006420__center_002076.wav,de2eb08bae8b029cb7136296dcc9d197237ad142f4e0245d3570d99b4ef3b22d,CC-BY-4.0,https://doi.org/10.5281/zenodo.15493892,WaivOps Lo-Fi Drums Dataset DOI 10.5281/zenodo.15493892,8.000000,44100,2,source_eval,79.000,slow_lt80,2.075646,8.000000,0,1,0,"exact-allowed-licenses: CC-BY-3.0,CC-BY-4.0,CC-BY-SA-3.0,CC-BY-SA-4.0,CC0-1.0",1
src_0070_80bpm_lofi_drums_dataset_id_01_006752__center_002000,/home/manos/codes/neural-morphing/artifacts/validation/datasets/paper_eval_v1/source_eval/lofi_drums/0070_80bpm_lofi_drums_dataset_id_01_006752__center_002000.wav,16900d34729d47d5548d9fafc76ef59b16e2e35b499f5e07f84ef95f7a92471a,CC-BY-4.0,https://doi.org/10.5281/zenodo.15493892,WaivOps Lo-Fi Drums Dataset DOI 10.5281/zenodo.15493892,8.000000,44100,2,source_eval,80.000,mid_80_110,2.000181,8.000000,0,1,0,"exact-allowed-licenses: CC-BY-3.0,CC-BY-4.0,CC-BY-SA-3.0,CC-BY-SA-4.0,CC0-1.0",1
src_0071_81bpm_lofi_drums_dataset_id_01_007309__center_001926,/home/manos/codes/neural-morphing/artifacts/validation/datasets/paper_eval_v1/source_eval/lofi_drums/0071_81bpm_lofi_drums_dataset_id_01_007309__center_001926.wav,8d52f4e92c992bc3021038ffa6f98eaf529b4926f2f7925b8e6a7f330e5e7c72,CC-BY-4.0,https://doi.org/10.5281/zenodo.15493892,WaivOps Lo-Fi Drums Dataset DOI 10.5281/zenodo.15493892,8.000000,44100,2,source_eval,81.000,mid_80_110,1.926168,8.000000,0,1,0,"exact-allowed-licenses: CC-BY-3.0,CC-BY-4.0,CC-BY-SA-3.0,CC-BY-SA-4.0,CC0-1.0",1
src_0072_82bpm_lofi_drums_dataset_id_01_007550__center_001854,/home/manos/codes/neural-morphing/artifacts/validation/datasets/paper_eval_v1/source_eval/lofi_drums/0072_82bpm_lofi_drums_dataset_id_01_007550__center_001854.wav,5347d03372cccc2699ce1c0c7fecae44bc1efd9247b7aa6934e01d330789c194,CC-BY-4.0,https://doi.org/10.5281/zenodo.15493892,WaivOps Lo-Fi Drums Dataset DOI 10.5281/zenodo.15493892,8.000000,44100,2,source_eval,82.000,mid_80_110,1.853605,8.000000,0,1,0,"exact-allowed-licenses: CC-BY-3.0,CC-BY-4.0,CC-BY-SA-3.0,CC-BY-SA-4.0,CC0-1.0",1
src_0073_83bpm_lofi_drums_dataset_id_01_007846__center_001783,/home/manos/codes/neural-morphing/artifacts/validation/datasets/paper_eval_v1/source_eval/lofi_drums/0073_83bpm_lofi_drums_dataset_id_01_007846__center_001783.wav,268531610443e5b2bfed066c4eef0fd0b6e31732e9768715de0112a675a1bcf1,CC-BY-4.0,https://doi.org/10.5281/zenodo.15493892,WaivOps Lo-Fi Drums Dataset DOI 10.5281/zenodo.15493892,8.000000,44100,2,source_eval,83.000,mid_80_110,1.783220,8.000000,0,1,0,"exact-allowed-licenses: CC-BY-3.0,CC-BY-4.0,CC-BY-SA-3.0,CC-BY-SA-4.0,CC0-1.0",1
src_0074_85bpm_lofi_drums_dataset_id_01_008268__center_001651,/home/manos/codes/neural-morphing/artifacts/validation/datasets/paper_eval_v1/source_eval/lofi_drums/0074_85bpm_lofi_drums_dataset_id_01_008268__center_001651.wav,df95e42cee5add1548ee962d07c6553ffbe7555032299bd11ac7cba13c1be8ac,CC-BY-4.0,https://doi.org/10.5281/zenodo.15493892,WaivOps Lo-Fi Drums Dataset DOI 10.5281/zenodo.15493892,8.000000,44100,2,source_eval,85.000,mid_80_110,1.651156,8.000000,0,1,0,"exact-allowed-licenses: CC-BY-3.0,CC-BY-4.0,CC-BY-SA-3.0,CC-BY-SA-4.0,CC0-1.0",1
src_0075_86bpm_lofi_drums_dataset_id_01_008494__center_001581,/home/manos/codes/neural-morphing/artifacts/validation/datasets/paper_eval_v1/source_eval/lofi_drums/0075_86bpm_lofi_drums_dataset_id_01_008494__center_001581.wav,ce501ac0a9fe77a4b64c808719f607c960ab2904affda683e3690b07eaa4ce2e,CC-BY-4.0,https://doi.org/10.5281/zenodo.15493892,WaivOps Lo-Fi Drums Dataset DOI 10.5281/zenodo.15493892,8.000000,44100,2,source_eval,86.000,mid_80_110,1.581497,8.000000,0,1,0,"exact-allowed-licenses: CC-BY-3.0,CC-BY-4.0,CC-BY-SA-3.0,CC-BY-SA-4.0,CC0-1.0",1
src_0076_88bpm_lofi_drums_dataset_id_01_008946__center_001458,/home/manos/codes/neural-morphing/artifacts/validation/datasets/paper_eval_v1/source_eval/lofi_drums/0076_88bpm_lofi_drums_dataset_id_01_008946__center_001458.wav,f716fa4f504d7d4017340f0529bc771e7d303453345f67c127e98622abc1e8ac,CC-BY-4.0,https://doi.org/10.5281/zenodo.15493892,WaivOps Lo-Fi Drums Dataset DOI 10.5281/zenodo.15493892,8.000000,44100,2,source_eval,88.000,mid_80_110,1.458141,8.000000,0,1,0,"exact-allowed-licenses: CC-BY-3.0,CC-BY-4.0,CC-BY-SA-3.0,CC-BY-SA-4.0,CC0-1.0",1
src_0077_89bpm_lofi_drums_dataset_id_01_009321__center_001394,/home/manos/codes/neural-morphing/artifacts/validation/datasets/paper_eval_v1/source_eval/lofi_drums/0077_89bpm_lofi_drums_dataset_id_01_009321__center_001394.wav,cb07d02ef6d9f1949e0d949e306ccea3af84055c856f0280e1656e8837f3961c,CC-BY-4.0,https://doi.org/10.5281/zenodo.15493892,WaivOps Lo-Fi Drums Dataset DOI 10.5281/zenodo.15493892,8.000000,44100,2,source_eval,89.000,mid_80_110,1.393560,8.000000,0,1,0,"exact-allowed-licenses: CC-BY-3.0,CC-BY-4.0,CC-BY-SA-3.0,CC-BY-SA-4.0,CC0-1.0",1
src_0078_90bpm_lofi_drums_dataset_id_01_009677__center_001334,/home/manos/codes/neural-morphing/artifacts/validation/datasets/paper_eval_v1/source_eval/lofi_drums/0078_90bpm_lofi_drums_dataset_id_01_009677__center_001334.wav,ed2f593dca6bd6ffb1d0c9934d13afec170efda7ffa89abced369ddb9d02001d,CC-BY-4.0,https://doi.org/10.5281/zenodo.15493892,WaivOps Lo-Fi Drums Dataset DOI 10.5281/zenodo.15493892,8.000000,44100,2,source_eval,90.000,mid_80_110,1.334059,8.000000,0,1,0,"exact-allowed-licenses: CC-BY-3.0,CC-BY-4.0,CC-BY-SA-3.0,CC-BY-SA-4.0,CC0-1.0",1
src_0079_50bpm_lofi_drums_dataset_id_01_000206__center_005599,/home/manos/codes/neural-morphing/artifacts/validation/datasets/paper_eval_v1/source_eval/lofi_drums/0079_50bpm_lofi_drums_dataset_id_01_000206__center_005599.wav,c6d7544cba44320d485ca5e904279cf1fc0bfbaf38025c11410e30bf4b302599,CC-BY-4.0,https://doi.org/10.5281/zenodo.15493892,WaivOps Lo-Fi Drums Dataset DOI 10.5281/zenodo.15493892,8.000000,44100,2,source_eval,50.000,slow_lt80,5.598549,8.000000,0,1,0,"exact-allowed-licenses: CC-BY-3.0,CC-BY-4.0,CC-BY-SA-3.0,CC-BY-SA-4.0,CC0-1.0",1
src_0080_55bpm_lofi_drums_dataset_id_01_000757__center_004726,/home/manos/codes/neural-morphing/artifacts/validation/datasets/paper_eval_v1/source_eval/lofi_drums/0080_55bpm_lofi_drums_dataset_id_01_000757__center_004726.wav,4db3d7e2413e0e25e54d01ab571e7277fa09df93f4c6d6300d8fda2f820a6776,CC-BY-4.0,https://doi.org/10.5281/zenodo.15493892,WaivOps Lo-Fi Drums Dataset DOI 10.5281/zenodo.15493892,8.000000,44100,2,source_eval,55.000,slow_lt80,4.726349,8.000000,0,1,0,"exact-allowed-licenses: CC-BY-3.0,CC-BY-4.0,CC-BY-SA-3.0,CC-BY-SA-4.0,CC0-1.0",1
src_0081_56bpm_lofi_drums_dataset_id_01_000777__center_004571,/home/manos/codes/neural-morphing/artifacts/validation/datasets/paper_eval_v1/source_eval/lofi_drums/0081_56bpm_lofi_drums_dataset_id_01_000777__center_004571.wav,fa4c4adf186eb0d063ff82f881c57883304a4ebf96d4f634b0ee2900bb413d10,CC-BY-4.0,https://doi.org/10.5281/zenodo.15493892,WaivOps Lo-Fi Drums Dataset DOI 10.5281/zenodo.15493892,8.000000,44100,2,source_eval,56.000,slow_lt80,4.571066,8.000000,0,1,0,"exact-allowed-licenses: CC-BY-3.0,CC-BY-4.0,CC-BY-SA-3.0,CC-BY-SA-4.0,CC0-1.0",1
src_0082_58bpm_lofi_drums_dataset_id_01_001187__center_004275,/home/manos/codes/neural-morphing/artifacts/validation/datasets/paper_eval_v1/source_eval/lofi_drums/0082_58bpm_lofi_drums_dataset_id_01_001187__center_004275.wav,d0e83dbbc95878e61e8725b8519be8d430b3b2d748985a4b06e174bbe5b388c7,CC-BY-4.0,https://doi.org/10.5281/zenodo.15493892,WaivOps Lo-Fi Drums Dataset DOI 10.5281/zenodo.15493892,8.000000,44100,2,source_eval,58.000,slow_lt80,4.275011,8.000000,0,1,0,"exact-allowed-licenses: CC-BY-3.0,CC-BY-4.0,CC-BY-SA-3.0,CC-BY-SA-4.0,CC0-1.0",1
src_0083_60bpm_lofi_drums_dataset_id_01_001698__center_003999,/home/manos/codes/neural-morphing/artifacts/validation/datasets/paper_eval_v1/source_eval/lofi_drums/0083_60bpm_lofi_drums_dataset_id_01_001698__center_003999.wav,97e73913568635c668a72b129ff32d1daa935e9c6c1653f6d7597a0dd511e3cf,CC-BY-4.0,https://doi.org/10.5281/zenodo.15493892,WaivOps Lo-Fi Drums Dataset DOI 10.5281/zenodo.15493892,8.000000,44100,2,source_eval,60.000,slow_lt80,3.999274,8.000000,0,1,0,"exact-allowed-licenses: CC-BY-3.0,CC-BY-4.0,CC-BY-SA-3.0,CC-BY-SA-4.0,CC0-1.0",1
src_0084_62bpm_lofi_drums_dataset_id_01_002312__center_003741,/home/manos/codes/neural-morphing/artifacts/validation/datasets/paper_eval_v1/source_eval/lofi_drums/0084_62bpm_lofi_drums_dataset_id_01_002312__center_003741.wav,5a1b4227f62a95851c20440b06be53dd0e50062e5bbe2d5f35fd84eb4350f706,CC-BY-4.0,https://doi.org/10.5281/zenodo.15493892,WaivOps Lo-Fi Drums Dataset DOI 10.5281/zenodo.15493892,8.000000,44100,2,source_eval,62.000,slow_lt80,3.740952,8.000000,0,1,0,"exact-allowed-licenses: CC-BY-3.0,CC-BY-4.0,CC-BY-SA-3.0,CC-BY-SA-4.0,CC0-1.0",1
src_0085_64bpm_lofi_drums_dataset_id_01_002603__center_003500,/home/manos/codes/neural-morphing/artifacts/validation/datasets/paper_eval_v1/source_eval/lofi_drums/0085_64bpm_lofi_drums_dataset_id_01_002603__center_003500.wav,fa814c8dceeb7f4ecf565e095867b3c695e4ed063c7a5dea89f8ac5faa0bfb79,CC-BY-4.0,https://doi.org/10.5281/zenodo.15493892,WaivOps Lo-Fi Drums Dataset DOI 10.5281/zenodo.15493892,8.000000,44100,2,source_eval,64.000,slow_lt80,3.500045,8.000000,0,1,0,"exact-allowed-licenses: CC-BY-3.0,CC-BY-4.0,CC-BY-SA-3.0,CC-BY-SA-4.0,CC0-1.0",1
src_0086_65bpm_lofi_drums_dataset_id_01_003104__center_003385,/home/manos/codes/neural-morphing/artifacts/validation/datasets/paper_eval_v1/source_eval/lofi_drums/0086_65bpm_lofi_drums_dataset_id_01_003104__center_003385.wav,db8da3049061514ecee43322f27aa0d3f19d87a374da532800cfd86d0896c072,CC-BY-4.0,https://doi.org/10.5281/zenodo.15493892,WaivOps Lo-Fi Drums Dataset DOI 10.5281/zenodo.15493892,8.000000,44100,2,source_eval,65.000,slow_lt80,3.384671,8.000000,0,1,0,"exact-allowed-licenses: CC-BY-3.0,CC-BY-4.0,CC-BY-SA-3.0,CC-BY-SA-4.0,CC0-1.0",1
src_0087_66bpm_lofi_drums_dataset_id_01_003449__center_003272,/home/manos/codes/neural-morphing/artifacts/validation/datasets/paper_eval_v1/source_eval/lofi_drums/0087_66bpm_lofi_drums_dataset_id_01_003449__center_003272.wav,34044ede6f8477b853c0c5359e25575fae897131b58188cc14544f43075e47b5,CC-BY-4.0,https://doi.org/10.5281/zenodo.15493892,WaivOps Lo-Fi Drums Dataset DOI 10.5281/zenodo.15493892,8.000000,44100,2,source_eval,66.000,slow_lt80,3.272200,8.000000,0,1,0,"exact-allowed-licenses: CC-BY-3.0,CC-BY-4.0,CC-BY-SA-3.0,CC-BY-SA-4.0,CC0-1.0",1
src_0088_68bpm_lofi_drums_dataset_id_01_003561__center_003059,/home/manos/codes/neural-morphing/artifacts/validation/datasets/paper_eval_v1/source_eval/lofi_drums/0088_68bpm_lofi_drums_dataset_id_01_003561__center_003059.wav,d6f70ba937e86a11cb532f66ab25bd43c2fec373a9e0d401965bb35194d78164,CC-BY-4.0,https://doi.org/10.5281/zenodo.15493892,WaivOps Lo-Fi Drums Dataset DOI 10.5281/zenodo.15493892,8.000000,44100,2,source_eval,68.000,slow_lt80,3.058866,8.000000,0,1,0,"exact-allowed-licenses: CC-BY-3.0,CC-BY-4.0,CC-BY-SA-3.0,CC-BY-SA-4.0,CC0-1.0",1
src_0089_70bpm_lofi_drums_dataset_id_01_003992__center_002857,/home/manos/codes/neural-morphing/artifacts/validation/datasets/paper_eval_v1/source_eval/lofi_drums/0089_70bpm_lofi_drums_dataset_id_01_003992__center_002857.wav,3f69360c994d37f0f2109f002f7355155055b13f62b27cf4dd99a5f3403155b6,CC-BY-4.0,https://doi.org/10.5281/zenodo.15493892,WaivOps Lo-Fi Drums Dataset DOI 10.5281/zenodo.15493892,8.000000,44100,2,source_eval,70.000,slow_lt80,2.857143,8.000000,0,1,0,"exact-allowed-licenses: CC-BY-3.0,CC-BY-4.0,CC-BY-SA-3.0,CC-BY-SA-4.0,CC0-1.0",1
src_0090_72bpm_lofi_drums_dataset_id_01_004595__center_002666,/home/manos/codes/neural-morphing/artifacts/validation/datasets/paper_eval_v1/source_eval/lofi_drums/0090_72bpm_lofi_drums_dataset_id_01_004595__center_002666.wav,c3aa8a710c32f5fb460442dcc13e61ac843cd9ee782eca4c07f198e46ef25a41,CC-BY-4.0,https://doi.org/10.5281/zenodo.15493892,WaivOps Lo-Fi Drums Dataset DOI 10.5281/zenodo.15493892,8.000000,44100,2,source_eval,72.000,slow_lt80,2.666304,8.000000,0,1,0,"exact-allowed-licenses: CC-BY-3.0,CC-BY-4.0,CC-BY-SA-3.0,CC-BY-SA-4.0,CC0-1.0",1
src_0091_74bpm_lofi_drums_dataset_id_01_005015__center_002486,/home/manos/codes/neural-morphing/artifacts/validation/datasets/paper_eval_v1/source_eval/lofi_drums/0091_74bpm_lofi_drums_dataset_id_01_005015__center_002486.wav,9d595a3b7d8a089798f47c7731d80b9b2464e85c23fe1afe83bc6c839f2f08cd,CC-BY-4.0,https://doi.org/10.5281/zenodo.15493892,WaivOps Lo-Fi Drums Dataset DOI 10.5281/zenodo.15493892,8.000000,44100,2,source_eval,74.000,slow_lt80,2.486349,8.000000,0,1,0,"exact-allowed-licenses: CC-BY-3.0,CC-BY-4.0,CC-BY-SA-3.0,CC-BY-SA-4.0,CC0-1.0",1
src_0092_75bpm_lofi_drums_dataset_id_01_005105__center_002400,/home/manos/codes/neural-morphing/artifacts/validation/datasets/paper_eval_v1/source_eval/lofi_drums/0092_75bpm_lofi_drums_dataset_id_01_005105__center_002400.wav,23eb90f6a631fd0e74b6d139a43da1eda6004ab897769b398720618212907526,CC-BY-4.0,https://doi.org/10.5281/zenodo.15493892,WaivOps Lo-Fi Drums Dataset DOI 10.5281/zenodo.15493892,8.000000,44100,2,source_eval,75.000,slow_lt80,2.400000,8.000000,0,1,0,"exact-allowed-licenses: CC-BY-3.0,CC-BY-4.0,CC-BY-SA-3.0,CC-BY-SA-4.0,CC0-1.0",1
src_0093_77bpm_lofi_drums_dataset_id_01_005625__center_002234,/home/manos/codes/neural-morphing/artifacts/validation/datasets/paper_eval_v1/source_eval/lofi_drums/0093_77bpm_lofi_drums_dataset_id_01_005625__center_002234.wav,fe47dad50af263052c464f5b076a76e1b015f906092debe64e85750460c93511,CC-BY-4.0,https://doi.org/10.5281/zenodo.15493892,WaivOps Lo-Fi Drums Dataset DOI 10.5281/zenodo.15493892,8.000000,44100,2,source_eval,77.000,slow_lt80,2.233832,8.000000,0,1,0,"exact-allowed-licenses: CC-BY-3.0,CC-BY-4.0,CC-BY-SA-3.0,CC-BY-SA-4.0,CC0-1.0",1
src_0094_78bpm_lofi_drums_dataset_id_01_005978__center_002154,/home/manos/codes/neural-morphing/artifacts/validation/datasets/paper_eval_v1/source_eval/lofi_drums/0094_78bpm_lofi_drums_dataset_id_01_005978__center_002154.wav,270ef489043742ac939013a7a845b152793f3636c811496a4a1fef9e3a0ed483,CC-BY-4.0,https://doi.org/10.5281/zenodo.15493892,WaivOps Lo-Fi Drums Dataset DOI 10.5281/zenodo.15493892,8.000000,44100,2,source_eval,78.000,slow_lt80,2.154014,8.000000,0,1,0,"exact-allowed-licenses: CC-BY-3.0,CC-BY-4.0,CC-BY-SA-3.0,CC-BY-SA-4.0,CC0-1.0",1
src_0095_79bpm_lofi_drums_dataset_id_01_006460__center_002076,/home/manos/codes/neural-morphing/artifacts/validation/datasets/paper_eval_v1/source_eval/lofi_drums/0095_79bpm_lofi_drums_dataset_id_01_006460__center_002076.wav,98b8e87f28c04b6765dcf3c3b59ec7dd81c77e85c12a1f36c360ff2d64056bd7,CC-BY-4.0,https://doi.org/10.5281/zenodo.15493892,WaivOps Lo-Fi Drums Dataset DOI 10.5281/zenodo.15493892,8.000000,44100,2,source_eval,79.000,slow_lt80,2.075646,8.000000,0,1,0,"exact-allowed-licenses: CC-BY-3.0,CC-BY-4.0,CC-BY-SA-3.0,CC-BY-SA-4.0,CC0-1.0",1
src_0096_80bpm_lofi_drums_dataset_id_01_006690__center_002000,/home/manos/codes/neural-morphing/artifacts/validation/datasets/paper_eval_v1/source_eval/lofi_drums/0096_80bpm_lofi_drums_dataset_id_01_006690__center_002000.wav,89bb4359d890d73c1e13f3cb50797fc35288e94c2afbac5bcc949dd4de1a7cf7,CC-BY-4.0,https://doi.org/10.5281/zenodo.15493892,WaivOps Lo-Fi Drums Dataset DOI 10.5281/zenodo.15493892,8.000000,44100,2,source_eval,80.000,mid_80_110,2.000181,8.000000,0,1,0,"exact-allowed-licenses: CC-BY-3.0,CC-BY-4.0,CC-BY-SA-3.0,CC-BY-SA-4.0,CC0-1.0",1
